cod_personal_sap;nro_documento;apellido_paterno;apellido_materno;nombres;codigo_cargo_sap;id_posicion;fecha_ingreso
20003850;43720603;LOPEZ;FELIX;DANNY DANIEL;60017161;58;2/06/2026
20003863;75925236;GOMEZ;PONCE;MARISOL;60017250;59;16/06/2026
20003855;74319243;BRUNO;ZUBIETA;LEONEL STEWART;60017182;57;4/06/2026
20003148;72696909;SILVA;ARANDA;RONAL OMAR;60002466;60;2/01/2023
20003654;70608093;CALDERON;PURISACA;MELISSA ALESSANDRA;60000596;60;10/09/2025
20001432;10533910;GUTIERREZ;PORRAS;WILLIAMS;60006066;8;9/04/2014
20003722;72424323;NUÑOVERO;CACERES;GUSTAVO ROBERTO HIPOLITO;60015724;61;1/01/2026
20003695;73458971;ROJAS;RAMIREZ;JOSE FRANCISCO;60016557;53;17/11/2025
20000027;07501143;SAM;GONZALES;MANUEL FRANCISCO;60001779;52;1/08/2000
20000207;09656410;LEON;GUEVARA;JULIO MARINO;60000202;52;1/12/2005
20002766;45072969;MORA;PFACSI;LUIS ALBERTO;60000067;52;23/04/2019
20003241;40878095;MARIN;ALCANTARA;CHRISTIAN ROGER;60000616;53;11/07/2023
20003380;73081698;ABANTO;ALVARADO;CARLOS FELIPE;60000622;53;8/04/2024
20000131;25766787;SOTO;JUNGBLUTH;JESUS AUGUSTO;60000160;101;1/02/2007
20000435;40053328;VILLACORTA;GUZMAN;CESAR GABRIEL;60006936;51;1/02/2010
20001278;42270148;VARGAS;VARGAS;LACEY CLAUDIA;60011569;63;1/08/2013
20000003;07483152;CHAU;ZEA;ALFONSO EMILIO;60000050;64;1/08/2000
20000015;07975863;JAVE;ARIAS;LUIS CARLOS;60000060;9;1/08/2000
20000125;07445776;SAM;GONZALES;MARLENE;60011155;62;1/08/2006
20001639;41332370;GONZALES;SOLANO;YONALT BENEDICT;60002565;54;1/02/2015
20003214;40063610;ORBEGOSO;ESQUIVEL;ALDO JESUS;60014006;6;15/05/2023
20002320;47315911;CAMPOS;BELTRAN;CLARA LISSET;60000321;55;5/07/2017
20000109;07521700;MEZARINA;ESTRADA;EDWIN EFRAIN;60005377;38;1/02/2006
20003038;44878300;GONZALES;ISIQUE;HECTOR DANIEL;60012669;38;8/03/2022
20003768;76114132;TRUJILLO;CARHUAPOMA;JORDAN COHELET;60005375;38;24/02/2026
20003856;10789691;ROMERO;RONDON;MARCO ANTONIO;60014253;38;5/06/2026
20000020;10110815;NEIRA;ONTANEDA;SEGUNDO JAVIER;60005346;34;1/08/2000
20000026;06062921;SAM;GONZALES DE LIRA;BETTY ROSA LUZ;60005347;34;1/08/2000
20000058;08150373;BONG;DAVILA;YULY DEL ROSARIO;60005348;34;1/06/2002
20000258;15450358;GIRIBALDI;CASTILLO;CLAUDIA VERONICA;60014771;36;6/06/2007
20000330;10819138;TORO;FERNANDEZ;SILVANA;60014770;36;1/09/2008
20003018;73043271;CHAFLOQUE;ANCHANTE;CLARA ELENA;60014149;36;7/01/2022
20003023;48397027;TAMARA;SOTO;ALEXI LINO;60005198;36;8/02/2022
20001446;41269618;CESPEDES;BAZALAR;CARMEN ELVIRA;60005351;37;1/05/2014
20003151;71659823;TIBURCIO;PENADILLO;AMELIA INES;60005370;37;14/01/2023
20003181;75181080;VICTORIO;AGUIRRE;WINI TIFFANI;60006008;37;1/03/2023
20003208;48642328;GUTIERREZ;RAMOS;JAZMIN ISABEL;60005357;37;26/04/2023
20003275;44881450;TAPAYURI;SABOYA;ALFREDO;60005204;37;25/08/2023
20003320;72902031;VEGA;MARIÑO;KATTERIN MERIALIS;60005373;37;16/11/2023
20003374;48532341;TAPIA;ARMAS;LEONARDO SANDRO;60005359;37;1/03/2024
20003436;75962473;GONZALES;NOVOA;FRESCIA GIANELLA;60005350;37;10/09/2024
20003462;71972746;BERECHE;VENANCIO;SHERYL YADHIRA;60005366;37;25/10/2024
20003499;74239542;MENDOZA;GARIBAY;MARK ANTHONY;60005200;37;16/01/2025
20003526;75016733;DE LA O;HERRERA;ANDERSON;60005352;37;19/02/2025
20003540;81620258;CHIRINOS;BASTIDAS;ANA VERONICA;60005201;37;7/03/2025
20003651;76371424;SALAZAR;LEON;MERARY JULIA;60005358;37;3/09/2025
20003736;76276203;GONZALEZ;COGORNO;MALENA;60005353;37;22/01/2026
20003765;76252312;MARTINEZ;BADURELES;BLANCA SHIRLEY;60005349;37;19/02/2026
20003795;75170553;ALEMAN;CHUTAS;JORGE LUIS;60005364;37;2/04/2026
20003813;75832647;MONTEZA;TIPIANA;BRISA ABIGAIL;60005355;37;22/04/2026
20003821;74744718;SOTO;VILLEGAS;DIANA VALERIA RUBI;60005202;37;5/05/2026
20003846;72789581;PALACIOS;JOYLLO;ELIZABETH CARMEN;60005354;37;29/05/2026
20000080;10347963;TABATA;CHUMPITAZ;JULIO CESAR;60011132;37;1/03/2004
20000197;06672082;FARIAS;DIAZ;ALICIA;60005372;37;22/10/2007
20000268;25581468;MURICHI;HUAROTTE;MILAGROS DE LOS ANGELES;60005369;37;8/08/2007
20000271;40043231;MAURICIO;TORRES;RUBY FABIOLA;60014312;37;1/09/2007
20001381;41358776;PEREYRA;COTRINA;MARIA MAGDALENA;60015315;37;20/01/2014
20000063;41117339;SAM;TAN;WUI YI;60005319;33;1/01/2003
20002839;41610849;CAMPOS;MARTINEZ;SANDY EVELLYN;60010259;18;1/08/2019
20000297;43421686;PAZ;EDERY;ROXANA RAQUEL;60006068;35;16/04/2008
20002199;42302913;DIAZ;ROJAS;JAIR ENRIQUE;60017181;22;9/01/2017
20003707;46129574;CCAHUIN;PEREZ;YESENIA;60017180;22;16/12/2025
20000128;09435802;MILLA;RAMIREZ;MIGUEL ANGEL;60000157;3;8/10/2005
20000532;07100420;OLARRIAGA;NESTARES;JUAN LORENZO;60005017;23;1/01/2011
20001107;10741575;OJEDA;CAHUANA;TONY RICHARD;60005018;23;20/11/2012
20002200;46480424;FLORES;SANTIVAÑEZ;RONY EDUARDO;60006062;23;9/01/2017
20002319;10202194;TELLES;CASTAÑEDA;MARTIN JESUS;60005022;23;4/07/2017
20003366;75367791;TORRES;FLORES;NICOLAS ESTEFANO;60005019;23;15/02/2024
20003470;45894205;PINELA;RAMIREZ;LUIS ALBERTO;60005021;23;12/11/2024
20001328;25854717;NIETO;ORDINOLA;OSCAR DANIEL;60006000;15;17/10/2013
20002870;47280912;HUAMAN;RAMOS;MELISSA;60008504;26;1/09/2019
20003570;75284044;SAAVEDRA;DELGADO;DANNA PATRICIA;60016108;42;24/04/2025
20003600;73700216;YOVERA;SEMINARIO;ANDREA ALEJANDRINA;60016109;42;7/06/2025
20003742;70627269;CIFUENTES;GIRON;FABRIZZIO RAFAEL;60016107;42;30/01/2026
20003793;76341071;MOSCOSO;PEÑA;RANDALL ALBERTO;60016359;42;1/04/2026
20003838;60923431;ZORRILLA;CRIBILLERO;ADRIAN PAOLO;60016256;42;21/05/2026
20000416;43416211;EXEBIO;MORALES;MAYRA DEL PILAR;60016994;42;1/11/2009
20002797;70917992;SULLUCHUCO;MORALES;ALEXANDER ANDRES;60016101;42;24/05/2019
20003210;76741777;GONTADE;GARAGORRI;GABRIELA FERNANDA;60016106;42;26/04/2023
20003362;70885434;MONTALDO;ALCANTARA;ARIANA ARACELLY;60016103;42;7/02/2024
20003825;74724065;PACHECO;VALENCIA;GIULIANA KARINA PAZ;60016105;42;13/05/2026
20003880;72291831;MIRANDA;CANDIOTTI;LEILA YAJAHIRA;60016104;42;3/07/2026
20000009;09341064;CUCULIZA;BERROSPI;JUAN RUPERTO;60005139;17;1/08/2000
20000066;25849755;GRIEVE;QUIÑONES;JONATHAN JEREMI;60005196;31;1/07/2003
20000119;41315101;SAM;GONZALES;CESAR ALFREDO;60005185;31;8/04/2006
20000141;10282141;FLORES;CONDOR;WILLIAM BENJAMIN;60005187;31;1/05/2007
20000216;10643769;SILVA;ANCASI;JORGE ERNESTO;60005188;31;1/02/2006
20000671;41654273;LLONTOP;AGUAYO;FABIOLA YRMGAR;60005193;31;12/09/2011
20001500;10731768;VASQUEZ;HUAMANCHUMO;MARCOS ANTONIO;60005195;31;15/07/2014
20001540;70005159;CHAVEZ;CHAPARRO;CESAR AUGUSTO MARTIN;60006266;31;11/09/2014
20001663;71396953;BRAVO;SILVA;VICTOR RENZO;60010663;31;3/03/2015
20001681;70569393;GARCIA;MEDINA;VICTOR GUSTAVO;60005191;31;1/04/2015
20002683;75331796;NAPAN;AVALOS;SEBASTIAN;60005189;31;11/01/2019
20003031;74078445;PASCO;SANCHEZ;CARLA FERNANDA;60008418;31;1/03/2022
20003033;70313971;CORNEJO;WONG;JHAMIL STEFFANO FELIPE;60005190;31;1/03/2022
20003227;70363497;TAIPE;VASQUEZ;MARCELO SIMEONE;60010664;31;7/06/2023
20000657;07751509;TSING;HE;KING CHONG;60011534;28;1/09/2011
20000031;09661324;TAVARA;ODAR;OSCAR FERNANDO;60005173;16;1/08/2000
20000069;10301900;VIDURRIZAGA;CARDENAS;VANESSA LOURDES;60005174;16;1/02/2005
20000334;07488498;COSSIO;MARTINEZ;ELMER RICHARD;60010455;16;8/09/2008
20001817;42364025;CUADROS;ROSADO;JOSE LUIS;60005175;16;1/11/2015
20001485;48078934;NALVARTE;APCHO;ANGIE LIZBETH;60000167;32;18/06/2014
20001562;43249334;GOTTFRIED;RODRIGUEZ;FIORELLA BISSET;60000493;32;1/10/2014
20001771;75199263;TORRES;MENDOZA;ISRAEL JAFIR;60011063;32;24/08/2015
20001799;47450213;NIETO;VARGAS;YSRAEL MARTIN;60000106;32;18/09/2015
20002112;09930675;BLAS;CARDENAS;LIDIA ISABEL;60000439;32;6/10/2016
20002612;74944408;HUAMAN;SERNAQUE;LEOPOLDO ANDRE;60011043;32;25/08/2018
20002786;70585072;DUEÑAS;ACEVEDO;FRIDA CRISTINA;60011164;32;10/05/2019
20002821;72682442;SOLORZANO;CRUZ;SUSANA;60000564;32;21/06/2019
20002850;76569601;CASTRO;MENDOZA;JHON ARTURO;60010363;32;19/08/2019
20003012;70903332;MENACHO;PAREDES;ABEL ESTEBAN;60000391;32;15/11/2021
20003034;61527268;DAUNEY;VALLEJOS;ESTRELLA FRANCISCA;60010261;32;1/03/2022
20003082;71414182;BALDERA;MACALUPU;JHORDAN ENRIQUE;60000367;32;15/06/2022
20003099;46878463;GUZMAN;PEREZ;CARLA PAOLA;60000372;32;10/08/2022
20003103;46634520;GAMONAL;CUBAS;NELSON;60000390;32;17/08/2022
20003199;75590823;GUTIERREZ;ALVAREZ;MARIAPIA MARQUEZA;60000423;32;23/03/2023
20003222;75869366;ROSALES;IZQUIERDO;CRISHIA RHAZIEL;60000458;32;1/06/2023
20003228;75413722;MACHUCA;CAPCHA;ALONSO LUIS;60000470;32;7/06/2023
20003234;74710489;RAFFO;EGUILUZ;RENZO MAURICIO;60010242;32;28/06/2023
20003242;80969406;AZIZI;YASUDA;AMIR;60000680;32;13/07/2023
20003259;73262257;SALAS;ALEGRE;MATEO ALONSO;60011021;32;27/07/2023
20003265;47101221;QUIÑONES;QUISPE;ROSA MARY;60000370;32;10/08/2023
20003266;47672916;ALDABA;JARA;VICTOR ANTONIO;60000490;32;10/08/2023
20003285;71393921;VARGAS;QUILLAMA;VALERIA ROCIO;60000389;32;6/09/2023
20003338;77792821;GUEVARA;GALLARDO;SARAI;60000544;32;5/01/2024
20003396;76466441;VIOLETA;RIOS;JOEL SANDRO;50011736;32;2/05/2024
20003490;74438608;PORRAS;DELGADO;JESUS ANGEL;60000311;32;9/01/2025
20003493;76130067;EDUARDO;RODRIGUEZ;LIZ EVILA;60000351;32;10/01/2025
20003498;74407850;VASQUEZ;FERNANDEZ;NAYLIN ANGIE;60000437;32;13/01/2025
20003690;70701835;BOJORQUEZ;VASQUEZ;MASSIMO CRISTIANO;60000148;32;7/11/2025
20003697;71425559;BARRANCA;LOVERA;JHOAN SEBASTIAN;60000344;32;20/11/2025
20003723;77486766;ABANTO;ORDOÑEZ;MARIA ALEJANDRA;60011181;32;1/01/2026
20003730;74760062;ENERO;TAIPE;NICOLAS JAVIER;60000413;32;17/01/2026
20003754;74137042;BALTAZAR;VILLARRUBIA;MATIAS;60010362;32;6/02/2026
20003764;73012091;CHALCO;MENA;CESAR GUSTAVO;60000334;32;17/02/2026
20003779;77727000;TERRY;ARANGUREN;CARLOS EDUARDO;60011156;32;9/03/2026
20003786;77529207;IKEDO;ROLDAN;BRUNO;60011259;32;20/03/2026
20003802;61178317;ESPINOZA;SOSA;ANDRY PRISCILA DEL PILAR;60005738;32;9/04/2026
20003803;72935502;RAMOS;ESTRELLA;SHEYLA ALEJANDRA;60000276;32;9/04/2026
20003804;74427760;PEÑA;ROMERO;ISAAC ARMANDO ALEJANDRO;60000282;32;9/04/2026
20003830;73087604;PALOMINO;PIZARRO;LENEN EFRAIN;60000369;32;19/05/2026
20003831;72434687;AGUAYO;LEZAMA;SANTIAGO ALEJANDRO;60000387;32;19/05/2026
20003832;74165612;ESTRADA;MALONE;MATIAS GABRIEL;60000433;32;19/05/2026
20003833;73272990;MALLMA;YUPANQUI;DANNY JEREMY;60000428;32;19/05/2026
20003836;74323623;LANDA;OVALLE;YHOSUE YORGO;60000412;32;20/05/2026
20003837;60960261;VEGA;BECERRA;JOAQUIN EDWIN;60005961;32;20/05/2026
20003857;76240795;CONISLLA;POLACK;RICARDO JOEL;60011023;32;5/06/2026
20003866;70886816;PEÑAFIEL;CEPEDA;HARITZ STEVE;60010260;32;19/06/2026
20003705;74743353;CASARIEGO;RAMOS;ALESANDRA MAIA;60000626;32;1/12/2025
20003772;76432117;VEGA;ROMERO;TATIANA BRIGITTE;60007090;32;2/03/2026
20003783;72005949;FLORES;CABRERA;ALEXANDRA GUADALUPE;60000674;32;17/03/2026
20003785;46900819;YUMPO;MONTEVERDE;LUIS ALBERTO;60001893;32;19/03/2026
20003859;75254801;CRUZ;AGUILAR;SAMUEL FERNANDO;60017213;32;11/06/2026
20000118;40203197;HERNANDEZ;APARCANA;JACK DENIS;60014324;32;1/02/2008
20001431;45977944;ÑAHUINLLA;SAAVEDRA;NELY CYNTHIA;60014325;32;8/04/2014
20003701;73093311;SANTOS;PACHECO;CLAUDIA GERALDINE;60007852;48;1/12/2025
20002947;09668421;ROJAS;ALVAREZ;GILIANA YESIKA;60011079;49;17/01/2020
20003629;73040678;GUTIERREZ;PADILLA;SANDRA LILIANA;60008087;49;11/08/2025
20000048;09393020;BALLADARES;VARGAS;MARIA JESUS;60000091;47;1/11/2001
20002268;07528242;NIÑO;SAAVEDRA;JOSE ANTONIO;60017065;50;24/03/2017
20000059;10320079;SAM;YUEN;SYDNEY;60000100;5;9/08/1999
20003169;45110230;SALAZAR;MARCELO;DIANDRA MAY;60000679;46;1/02/2023
20002875;46877133;VERGARA;PALOMINO;ERICK RENZO;60016979;67;2/09/2019
20001569;46212904;BLAS;TOLEDO;NEYLIN CAROL;60000486;68;3/10/2014
20003689;46961177;OMAREDA;CHINCHAY;LESLIE LEONOR;60000143;68;4/11/2025
20000352;31656289;MELGAREJO;MORALES;LILIAN YOLANDA;60000299;65;1/12/2008
20000007;09430067;CORDOVA;SERPA;MARIA ELIZABETH;60000054;10;2/08/1997
20001981;43092404;LEON;RIVERA;TATIANA FIORELLA;60000449;66;1/05/2016
20003114;47361295;SIFUENTES;SILES;GRECIA GERALDINE;60005842;25;1/09/2022
20003637;70699492;MOLINA;DIAZ;IVANA YAMILÉ;60005750;25;26/08/2025
20003743;71368792;FERNANDEZ;PEREZ;SARA DANIELA;60005837;25;28/01/2026
20003839;78548946;ALTAMIRANO;PEREZ;MERLY;60017119;25;20/05/2026
20000354;40990174;MOGOLLON;MALLQUE;JOHN ALFONSO;60014327;25;9/12/2008
20001190;41533629;MERINO;SUAREZ;RUTH;60014329;25;21/03/2013
20000443;42304518;PEIXOTO;DEL AGUILA;LINDA DAYSI;60005747;24;1/03/2010
20000097;41156882;AREVALO;MARTINO;GIANNINA PAOLA;60005746;16;1/06/2005
20003770;42008744;BAZAN;TORRES;ROMEL ISAAC;60016844;69;24/02/2026
20003102;75329304;MAYTA;FAJARDO;LUZ ANGELICA;60006265;70;16/08/2022
20003773;75341247;TRUJILLO;FIGUEROA;HENRY;60012108;71;3/03/2026
20000005;09937015;CHUNG;WU;MONICA ELAINE;60009495;11;1/08/2000
20003015;06487112;SAM;LAM;FERNANDO ENRIQUE;60000073;2;15/11/2021
20003322;73340172;PEÑA;HUAYLLAS;SINDY VANESSA;60007383;56;17/11/2023
20000130;21455927;RODAS;ALEJOS;PEDRO ELOY;60000159;7;16/01/2004
20002869;46898637;ENCALADA;FERNANDEZ;JOSE GAMANIEL;60011996;43;2/09/2019
20002341;40688212;SANCHEZ;PONCE;LESLIE MERCEDES;60006606;20;14/08/2017
20000019;10719509;MONTALICO;ROSALES;ELMERT JORGE;60005051;44;1/08/2000
20000194;41290146;GONZALES;NAIRA;GLADYS;60005039;44;1/10/2005
20000198;41278988;ULLOA;ZAMORA;MIGUEL ANGEL;60005031;44;14/10/2005
20000245;40195961;HUARCAYA;BAUTISTA;JUAN DIOGENES;60011566;44;3/02/2007
20000246;10640181;HERRERA;LAURENTE;JUAN SANTOS;60011563;44;16/02/2007
20000849;40492918;ZEVALLOS;ALCANTARA;CARMEN MARIELA;60006790;44;24/11/2011
20001970;46850158;MACEDO;VASQUEZ;PEDRO YVAN;60011574;44;23/04/2016
20002066;09353606;ESPINOZA;MAYORGA;SUSY JUSTA;60005030;44;15/08/2016
20002496;47166604;CHAMAYA;GOMEZ;MARIA LUZVINDA;60005044;44;16/03/2018
20003011;45476348;TIMANA;SERNAQUE;JENNY DEOLINDA;60009787;44;24/09/2021
20003014;46462209;NUÑEZ;DIAZ;OSCAR MARTIN;60011559;44;15/11/2021
20003296;72514942;PONCE;ARISTA;DANNY ALEXANDER;60011557;44;1/10/2023
20003304;74710833;ALVARES;RIOS;ALI ANDERSON;60009783;44;21/10/2023
20003474;74833820;ARANGO;CONTRERAS;ROY ALVARO;60011561;44;5/12/2024
20003537;76919546;CAHUAYA;CONDORI;ALAN MARCELO;60006819;44;1/03/2025
20003568;60919471;ABAD;LOPEZ;SEBASTIAN SANTOS;60009788;44;24/04/2025
20003590;74334746;CALLAÑAUPA;YARAHUAMAN;ALEJANDRO;60006680;44;27/05/2025
20003669;46931306;CHINGA;VILCHEZ;TANIA IVET;60011562;44;4/10/2025
20003726;75210844;ZULETA;ZARATE;JEFFERSON JOAQUIN;60011567;44;10/01/2026
20003735;47315489;RODRIGUEZ;CHUSI;ANGEL MAXIMILIANO;60011857;44;23/01/2026
20003745;43638499;MUÑOZ;PHOCO;ROSA MADELEINE;60011568;44;2/02/2026
20003759;00369621;AGUIRRE;NIMA;SARLY ELIZABETH;60011858;44;16/02/2026
20003776;74767695;VEGA;LAZARO;JHON DAVID;60004033;44;4/03/2026
20003788;61197977;YALLE;SALDAÑA;DAYVE HERNAN;60005033;44;21/03/2026
20003843;76154203;RISCO;CUZQUE;JHON ANTHONY;60007674;44;27/05/2026
20003845;10309903;MONZON;CARPIO;CHRISTIAN HENRY;60010681;44;29/05/2026
20003860;73495166;SANCHEZ;DIESTRA;MARYURI;60011558;44;11/06/2026
20000108;09163919;ROQUE;HUAJALSAYCO;DELFIN;60005008;44;1/01/2006
20000190;09162662;RIVAS;ARONI;MIGUELINA;60005009;44;8/09/2005
20000426;40925439;VERGARA;SOSA;SHEYLA ROSA;60000343;97;1/01/2010
20003708;75250605;RIVERA;REYES;ANGELA ANDREA;60016628;99;17/12/2025
20000545;10796238;CALDERON;CASTRO;FERNANDO MARTIN;60000382;14;1/01/2011
20001403;41008174;SANCHEZ;FERNANDEZ;SILVIA PATRICIA;60006067;98;3/03/2014
20003826;74248570;LOZANO;HILARIO;YEXALEN BRITNEY;60000579;100;14/05/2026
20002502;45229545;BENITO;GARCIA;JOSE LUIS;60004307;106;23/03/2018
20003316;72030387;LAY;ESPINOZA;CHRISTIAN EDUARDO;60000576;106;8/11/2023
20003539;70349372;BURGHARDT;GUERRA;GRETEL;60000645;106;6/03/2025
20003808;77370061;SANCHEZ;VELITA;ALLISON NICOLE;60016990;105;13/04/2026
20001492;45920590;OROSCO;MAMANI;WILBER;60000063;106;1/07/2014
20003036;74859531;VALLE;MENDOZA;ASHLY ESTHER;60000642;107;7/03/2022
20003878;09999999;SAM;LI;MADISON ANNA;60015082;107;2/07/2026
20000404;43568469;PEREZ;MANRIQUE;ALEXIA XIOMARA;60003431;103;16/08/2009
20003315;09955624;CASTILLO;PALOMINO;ROMANET MADIA;60014476;104;7/11/2023
20002963;01902566;SOUZA;ARÃGAO DA GUIA;LUCIO BERNARDO;60000297;102;1/02/2020
20000078;07969188;PELAEZ;HERNANDEZ;MICHAEL;60000115;4;22/01/2001
20000473;06796962;MARTINEZ;TORRES;LAURA ROXANA;60009494;12;1/07/2010
20001452;10681799;HUAMANI;RODRIGUEZ;MIGUEL ANGEL;60012375;72;5/05/2014
20000936;44322048;ELIAS;FERNANDEZ;FERNANDO JESUS;60009839;74;22/03/2012
20003233;76319381;GARCIA;MONTALVO;SKHARLID NIKOL;60016262;75;26/06/2023
20000110;07712374;VALLES;VALLE;MARIANELA;60009837;79;1/02/2006
20001053;41829724;PEÑA;QUISPE;PAOLA BERTHA;60012376;78;16/08/2012
20000474;08762786;SAAVEDRA;LEON;VILMA RUTH;60009838;76;1/07/2010
20003157;70447596;NAPA;MARTINEZ;ANA CECILIA;60013875;77;16/01/2023
20000166;19578408;GAITAN;LAYZA;FRANCISCO EXEQUIEL;60006830;82;1/02/2008
20000047;07360874;FARROÑAY;SANCHEZ;ANDRES FERNANDO;60017061;50;1/09/2001
20000256;08690485;LEON;ASCANIO;RICARDO;60017062;50;1/06/2007
20001895;80496537;AYQUIPA;MORALES;JEFFERSON;60017063;50;11/02/2016
20003098;10050925;ARTICA;VELOZ;FRANCO PAUL;60017064;50;9/08/2022
20000372;09533817;PAIVA;ALCANTARA;CESAR ALBERTO;60016347;86;1/03/2009
20002506;45519349;IGLESIAS;SANCHEZ;JOSE EMANUEL;60016346;84;6/04/2018
20003009;43157827;SEGURA;LOYOLA;LUIS EDUARDO;60016344;85;13/05/2021
20003533;76199317;SABOYA;SHUPINGAHUA;JHON ANTHONY;60016345;87;24/02/2025
20003849;48492268;HUAMAN;ALTAMIRANO;ALEXANDRA SOFIA;60017159;88;1/06/2026
20002643;41801815;ESPINOZA;GARCES;PAOLO RICARDO;60011157;83;5/10/2018
20003865;47264008;PRIMO;VASQUEZ;WILMER SERAPIO;60016411;96;18/06/2026
20003767;77464789;SANCHEZ;GONZALES;MILAGROS SHIRLEY;60016412;95;23/02/2026
20003058;40369341;VILLANUEVA;LENGUA;EDWING PAUL;60016413;93;27/04/2022
20003043;41379180;PASCUAL;ANGELES;JOSE LUIS;60016246;91;18/03/2022
20003509;74408336;FERNANDEZ;ZABALETA;BRAYAN ROBERT;60016408;94;1/02/2025
20003848;72882226;AVALOS;CHIRINOS;CARLOS DANIEL;60017160;94;1/06/2026
20003061;72187986;FIGUEROA;BECHET;NATANAEL SEBASTIAN;60016409;92;2/05/2022
20003550;70806924;OSCCO;AGUERO;CARLOS MANUEL;60016410;92;1/04/2025
20003467;71029598;SAAVEDRA;CAMIZAN;HELEM MARISEL;60016343;90;1/11/2024
20003542;71951515;GUERRERO;ALVAREZ;ALVARO;60016342;90;12/03/2025
20003876;71918723;JARAMILLO;ESCUDERO;CHRISTIAN CESAR;60016364;90;1/07/2026
20003879;72514788;PAUCAR;AMBROSIO;JIMENA MARISOL;60017320;90;2/07/2026
20000376;09812890;MONTALVO;AZAÑERO;CARLOS GUILLERMO;60016357;89;24/03/2009
20000220;40627843;KOO;FARFAN;WILMAN KERVIN;60016050;42;1/03/2006
20001826;48208666;AREVALO;VILLALOBOS;RAISA TATIANA;60016051;42;1/11/2015
20001896;74747998;ARBOLEDA;RAMIREZ;MONICA MARIA PAZ;60016052;42;11/02/2016
20002042;46950562;PILLACA;SILVERA;MARCO ANTONIO;60016053;42;22/07/2016
20003050;75546214;QUISPE;PALACIOS;JESUS ALEXANDER;60016084;42;4/04/2022
20003188;60698457;ROJAS;CONDO;JESUS ALEJANDRO;60016076;42;16/03/2023
20003202;70937144;ANGELES;SAAVEDRA;CLAUDIA MARJORY;60016056;42;14/04/2023
20003223;73202868;MARQUEZ;PAZOS;CAMILA NAOMI;60016074;42;1/06/2023
20003273;47171346;RUIZ;CASTRO;RENZO MIGUEL ALBERTO;60016060;42;19/08/2023
20003309;76766571;NAVARRO;LUNA;SIU YAMILE;60016061;42;3/11/2023
20003416;72374386;OCHOA;CALDERON;ALEXIA FABIANA;60016064;42;2/07/2024
20003419;62776340;LOPEZ;CORDOVA;MAYLIN DE LOS ANGELES;60016066;42;19/07/2024
20003516;76349549;RUIZ;GRANDEZ;MIGUEL ANGEL;60016067;42;10/02/2025
20003517;76630258;SANCA;GARCIA;AMMY SANDY CRISTINA;60016069;42;11/02/2025
20003545;60771907;ROMERO;PEREZ;ADRIANA KAROLINA;60016070;42;14/03/2025
20003610;72217707;MUSCHI;AGUAYO;JOSSELINE;60016077;42;1/07/2025
20003670;77482942;SIFUENTES;AVENDAÑO;LESLIE VIVIANA;60016059;42;4/10/2025
20003671;60754287;BETETA;RENGIFO;GEANLUCCA JHARET;60016078;42;7/10/2025
20003673;74474921;FALCON;CHAUCCA;SUSAN ALEXANDRA;60016079;42;10/10/2025
20003747;74022992;DAVILA;RAMOS;LAURA CECILIA LACELEY;60016054;42;29/01/2026
20003752;60992733;GARCIA;POMAHUACRE;VALERIA DANIELA;60016063;42;4/02/2026
20003774;72443599;IBARRA;TITO;JAIRO ALDAIR ROMARIO;60016049;42;2/03/2026
20003829;61013371;ALIAGA;COSSIO;SEBASTIAN;60016071;42;19/05/2026
20003840;71886918;GARCIA;GUERRERO;LEYBI YONELI;60016072;42;20/05/2026
20003841;76243678;FAJARDO;MIRANDA;PIERO ANTONY;60016009;42;22/05/2026
20003842;77799268;GRADOS;MEDRANO;MIA FERNANDA;60016073;42;22/05/2026
20003853;76852230;BALUARTE;CARRERAS;MARIA ALEJANDRA;60016055;42;3/06/2026
20003864;76303859;LOPEZ;DIAZ;MIRIAM ESMERALDA;60016057;42;16/06/2026
20003868;74201670;ESPINOZA;CHAMPAC;JESSICA DANIELA;60016080;42;24/06/2026
20003869;72306842;CORNELIO;HUARI;GONZALO MANUEL;60016058;42;24/06/2026
20003871;60853897;ASENJO;CHAUPIS;BRUNELLA CAMILY;60016062;42;26/06/2026
20003872;75945453;GOMEZ;SIERRA;KAMILA LUCIANA;60016081;42;26/06/2026
20003873;77159133;GARCIA;SIERRALTA;DIEGO EDUARDO;60016082;42;26/06/2026
20003874;74401650;SOLIS;HASSINGER;ANGELA RICARDINA;60016075;42;1/07/2026
20000001;09393719;BARRIOS;SAURI;FERNANDO ERNESTO;60005316;19;1/08/2000
20000049;09995048;CHU;KOO;JOSE ALFONSO;60010787;39;1/11/2001
20000114;41765375;SANCHEZ;CAMACHO;LUIS ALBERTO;60011018;41;1/03/2006
20000181;41075617;SANCHEZ;DAVILA;LUIS ORLANDO;60005325;41;1/07/2008
20000203;00352953;SEM;;FUNG CUEN;60005326;41;1/11/2005
20000279;42711655;DEL AGUILA;SILVA;ALAN MARTIN;60005329;41;8/11/2007
20000348;40404506;CELI;ARRESE;SARITA ADELA;60005330;41;1/12/2008
20000390;09862988;SOLIMANO;MIANI;PIERO RENATO;60005332;41;1/06/2009
20000461;71319771;BASHUALDO;VEGA;ANTHONY KRISTIAM;60005334;41;10/05/2010
20003750;74996122;ACUÑA;OTERO;LEONARDO GABRIEL;60005327;41;2/02/2026
20000052;09834504;SAMPLINA;CORDOVA;ERICKA ELENA;60005321;40;1/01/2002
20001410;45922729;CASTRO;RISCO;XIMENA VANESSA;60005320;40;10/03/2014
20000368;25586746;CORDOVA;RUIZ;ANIBAL MELQUIADES;60000308;45;16/02/2009