id_posicion,nombre_posicion,id_area,id_posicion_reporta
1,DIRECTORIO / JUNTA DIRECTIVA,8,
2,GERENTE GENERAL,8,1
3,GERENTE DE CAMARAS,4,2
4,GERENTE DE OPERACIONES,12,2
5,GERENTE CORPORATIVO DE LOGÍSTICA,10,2
6,GERENTE DE AUDITORIA,3,2
7,GERENTE DE CUMPLIMIENTO,6,2
8,GERENTE DE ADMINISTRACION,1,2
9,GERENTE DE ANALISIS Y ESTADISTICA,2,2
10,GERENTE DE CONTABILIDAD,5,2
11,GERENTE DE FINANZAS Y TESORERÍA,7,2
12,GERENTE DE GESTION DEL TALENTO Y MAGIA,13,2
13,GERENTE DE TI,14,2
14,GERENTE LEGAL,9,2
15,SUPERVISOR DE CAMARAS,4,3
16,SUPERVISOR GENERAL,12,4
17,GERENTE DE CASINO,12,4
18,JEFE DE CAJA Y BOVEDA,12,4
19,JEFE DE TRAGAMONEDAS,12,4
20,JEFE DE HOUSEKEEPING,12,4
22,AUDITOR DE CAMARAS,4,15
23,OPERADOR DE CAMARAS,4,15
24,SUPERVISOR DE RECEPCION,12,16
25,RECEPCIONISTA,12,24
26,AUXILIAR ADMINISTRATIVO,12,17
27,JEFE DE CASINO,12,17
28,SUPERVISOR ESPECIAL DE CASINO,12,27
31,SUPERVISOR DE CASINO,12,27
32,TALLADOR,12,31
33,JEFE DE CAJA TGM,12,18
34,SUPERVISOR DE BOVEDA,12,18
35,SUPERVISOR DE CAJA TGM,12,33
36,AUXILIAR DE CAJA,12,35
37,CAJERO (A),12,36
38,CONTROL OPERATIVO,12,34
39,SUB JEFE DE TRAGAMONEDAS,12,19
40,SUPERVISOR GENERAL TGM,12,39
41,SUPERVISOR DE TGM,12,40
42,ESPECIALISTA EN EXPERIENCIA DEL INVITADO,12,41
43,AUXILIAR DE HOUSEKEEPING,12,20
44,MANTENIMIENTO GENERAL,12,20
45,JEFE DE TRANSPORTES,10,5
46,JEFE DE LOGISTICA,10,5
47,COMPRADOR SENIOR,10,45
48,ANALISTA DE COMPRAS,10,47
49,ASISTENTE DE COMPRAS,10,48
50,CONDUCTOR OPERACIONES,10,49
51,SUPERVISOR DE ALMACEN,10,101
52,ASISTENTE DE ALMACEN,10,51
53,AUXILIAR DE ALMACEN,10,52
54,COORDINADOR DE AUDITORIA,3,6
55,SUPERVISOR DE AUDITORIA,3,54
56,AUXILIAR DE CUMPLIMIENTO,6,7
57,ANALISTA DE PROCESOS,1,8
58,ANALISTA DE ACTIVOS,1,8
59,ANALISTA DE PRECIOS,1,8
60,ASISTENTE DE ADMINISTRACION,1,59
61,PRACTICANTE DE INVENTARIO,1,60
62,JEFE DE ANALISIS Y ESTADISTICA,2,9
63,ANALISTA DE ANALISIS Y ESTADISTICA,2,62
64,ASISTENTE DE ANALISIS Y ESTADISTICA,2,63
65,CONTADOR (A),5,10
66,SUPERVISOR DE CONTABILIDAD,5,65
67,ANALISTA DE CONTABILIDAD,5,66
68,ASISTENTE DE CONTABILIDAD,5,67
69,ANALISTA DE FINANZAS Y TESORERIA,7,11
70,ASISTENTE DE FINANZAS Y TESORERIA,7,69
71,AUXILIAR DE FINANZAS Y TESORERIA,7,70
72,JEFE DE GESTIÓN DEL TALENTO Y MAGIA,13,12
74,ANALISTA DE SELECCION DEL TALENTO Y MAGIA,13,72
75,AUXILIAR DE GESTION DEL TALENTO Y MAGIA,13,74
76,ANALISTA SR. DE REMUNERACIONES DEL TALENTO,13,72
77,ASISTENTE DE GESTION DEL TALENTO Y MAGIA,13,76
78,ANALISTA DE GESTIÓN DEL TALENTO Y MAGIA,13,72
79,ASISTENTA SOCIAL DEL TALENTO Y MAGIA,13,72
82,JEFE DE PROYECTOS SAP,14,13
83,COORDINADOR GENERAL SERV.CORPORATIVOS TI,14,13
84,ADMINISTRADOR DE INFRAESTRUCTURA NIVEL 3,14,83
85,ADMINISTRADOR DE NETWORKING NIVEL 3,14,83
86,ADMINISTRADOR DE ADV. NIVEL 2,14,83
87,ADMINISTRADOR DE SEGURIDAD NIVEL 1,14,83
88,COORDINADOR DE TI,14,13
89,SOPORTE TECNICO NIVEL 2,14,88
90,SOPORTE TECNICO NIVEL 1,14,88
91,JEFE DE BI,14,13
92,PROGRAMADOR NIVEL 3,14,91
93,DATA ANALYST NIVEL 3,14,91
94,PROGRAMADOR NIVEL 2,14,91
95,DATA ANALYST NIVEL 2,14,91
96,DATA ANALYST NIVEL 1,14,91
97,ASISTENTE DE GERENCIA LEGAL,9,14
98,JEFE DE AREA LEGAL,9,14
99,ASISTENTE LEGAL,9,98
100,PRACTICANTE DE LEGAL,9,99
101,JEFE DE ALMACEN,10,45
102,JEFE DE MARKETING,11,2
103,COORDINADOR(A) DE MARKETING,11,102
104,COORDINADORA DE ARTE,11,102
105,ASISTENTE DE MEDIOS,11,104
106,ASISTENTE DE MARKETING,11,104
107,AUXILIAR DE MARKETING,11,106
