id_posicion;codigo_cargo_sap
58;60017161
59;60017250
57;60017182
60;60002466
60;60000596
8;60006066
61;60015724
53;60016557
52;60001779
52;60000202
52;60000067
53;60000616
53;60000622
101;60000160
51;60006936
63;60011569
64;60000050
9;60000060
62;60011155
54;60002565
6;60014006
55;60000321
38;60005377
38;60012669
38;60005375
38;60014253
34;60005346
34;60005347
34;60005348
36;60014771
36;60014770
36;60014149
36;60005198
37;60005351
37;60005370
37;60006008
37;60005357
37;60005204
37;60005373
37;60005359
37;60005350
37;60005366
37;60005200
37;60005352
37;60005201
37;60005358
37;60005353
37;60005349
37;60005364
37;60005355
37;60005202
37;60005354
37;60011132
37;60005372
37;60005369
37;60014312
37;60015315
33;60005319
18;60010259
35;60006068
22;60017181
22;60017180
3;60000157
23;60005017
23;60005018
23;60006062
23;60005022
23;60005019
23;60005021
15;60006000
26;60008504
42;60016108
42;60016109
42;60016107
42;60016359
42;60016256
42;60016994
42;60016101
42;60016106
42;60016103
42;60016105
42;60016104
17;60005139
31;60005196
31;60005185
31;60005187
31;60005188
31;60005193
31;60005195
31;60006266
31;60010663
31;60005191
31;60005189
31;60008418
31;60005190
31;60010664
28;60011534
16;60005173
16;60005174
16;60010455
16;60005175
32;60000167
32;60000493
32;60011063
32;60000106
32;60000439
32;60011043
32;60011164
32;60000564
32;60010363
32;60000391
32;60010261
32;60000367
32;60000372
32;60000390
32;60000423
32;60000458
32;60000470
32;60010242
32;60000680
32;60011021
32;60000370
32;60000490
32;60000389
32;60000544
32;50011736
32;60000311
32;60000351
32;60000437
32;60000148
32;60000344
32;60011181
32;60000413
32;60010362
32;60000334
32;60011156
32;60011259
32;60005738
32;60000276
32;60000282
32;60000369
32;60000387
32;60000433
32;60000428
32;60000412
32;60005961
32;60011023
32;60010260
32;60000626
32;60007090
32;60000674
32;60001893
32;60017213
32;60014324
32;60014325
48;60007852
49;60011079
49;60008087
47;60000091
50;60017065
5;60000100
46;60000679
67;60016979
68;60000486
68;60000143
65;60000299
10;60000054
66;60000449
25;60005842
25;60005750
25;60005837
25;60017119
25;60014327
25;60014329
24;60005747
16;60005746
69;60016844
70;60006265
71;60012108
11;60009495
2;60000073
56;60007383
7;60000159
43;60011996
20;60006606
44;60005051
44;60005039
44;60005031
44;60011566
44;60011563
44;60006790
44;60011574
44;60005030
44;60005044
44;60009787
44;60011559
44;60011557
44;60009783
44;60011561
44;60006819
44;60009788
44;60006680
44;60011562
44;60011567
44;60011857
44;60011568
44;60011858
44;60004033
44;60005033
44;60007674
44;60010681
44;60011558
44;60005008
44;60005009
97;60000343
99;60016628
14;60000382
98;60006067
100;60000579
106;60004307
106;60000576
106;60000645
105;60016990
106;60000063
107;60000642
107;60015082
103;60003431
104;60014476
102;60000297
4;60000115
12;60009494
72;60012375
74;60009839
75;60016262
79;60009837
78;60012376
76;60009838
77;60013875
82;60006830
50;60017061
50;60017062
50;60017063
50;60017064
86;60016347
84;60016346
85;60016344
87;60016345
88;60017159
83;60011157
96;60016411
95;60016412
93;60016413
91;60016246
94;60016408
94;60017160
92;60016409
92;60016410
90;60016343
90;60016342
90;60016364
90;60017320
89;60016357
42;60016050
42;60016051
42;60016052
42;60016053
42;60016084
42;60016076
42;60016056
42;60016074
42;60016060
42;60016061
42;60016064
42;60016066
42;60016067
42;60016069
42;60016070
42;60016077
42;60016059
42;60016078
42;60016079
42;60016054
42;60016063
42;60016049
42;60016071
42;60016072
42;60016009
42;60016073
42;60016055
42;60016057
42;60016080
42;60016058
42;60016062
42;60016081
42;60016082
42;60016075
19;60005316
39;60010787
41;60011018
41;60005325
41;60005326
41;60005329
41;60005330
41;60005332
41;60005334
41;60005327
40;60005321
40;60005320
45;60000308